query_id,fold,control_ndcg10,physical_metric_ndcg10,control_track_rmse_km,physical_metric_track_rmse_km
physical_query_001,report_2011_2012,0.0947883643695507,0.0,1882.5828857421875,1225.7718505859375
physical_query_002,report_2011_2012,0.0,0.2082936658103318,2557.790771484375,1858.7044677734373
physical_query_003,report_2011_2012,0.2200917662980802,0.3379841448267984,510.1033935546875,1196.56884765625
physical_query_004,report_2011_2012,0.1388624438735545,0.4085359184257956,1342.6502685546875,354.1371154785156
physical_query_005,report_2011_2012,0.0,0.0,1589.6007080078125,1282.75048828125
physical_query_006,report_2011_2012,0.0,0.2375835084056881,1197.3319091796875,722.3592529296875
physical_query_007,report_2011_2012,0.29062463495159,0.2122263659729146,983.405029296875,626.462646484375
physical_query_008,report_2011_2012,0.0,0.6325414799409712,2685.850341796875,731.1224975585938
physical_query_009,report_2011_2012,0.1100458831490401,0.5847192329112589,1488.82470703125,999.73486328125
physical_query_010,report_2011_2012,0.0,0.3858930373209064,1447.1373291015625,1444.0106201171875
physical_query_011,report_2011_2012,0.07336392209936,0.2368074215471778,3381.703125,1248.6922607421875
physical_query_012,report_2011_2012,0.0783982689786753,0.1584091525685025,3503.31982421875,1224.4490966796875
physical_query_013,report_2011_2012,0.0,0.1396181455537491,1570.6595458984375,682.57666015625
physical_query_014,report_2011_2012,0.0,0.4498873763727655,3519.67236328125,679.0802612304688
physical_query_015,report_2011_2012,0.085143117641621,0.706583601726363,4215.75634765625,707.5327758789062
physical_query_016,report_2011_2012,0.0,0.066254223454389,1194.986328125,779.7672119140625
physical_query_017,report_2011_2012,0.07336392209936,0.0,5825.4580078125,1118.3392333984375
physical_query_018,report_2011_2012,0.0,0.0,918.2979736328124,1307.0799560546875
physical_query_019,report_2011_2012,0.0,0.15139734109601,1718.729736328125,695.8308715820312
physical_query_020,report_2011_2012,0.2200917662980802,0.3785009188665827,582.8013305664062,611.369140625
physical_query_021,report_2011_2012,0.0,0.7093753650484101,2721.474609375,268.1779479980469
physical_query_022,report_2011_2012,0.0,0.5933607200949347,4686.14111328125,255.26779174804688
physical_query_023,report_2011_2012,0.0,0.1884441521277154,662.6832275390625,803.131591796875
physical_query_024,report_2011_2012,0.0694312219367772,0.2336508082431053,1832.6063232421875,2400.3466796875
physical_query_025,report_2011_2012,0.1635413866202963,0.1763001066034291,1512.2149658203125,1094.13037109375
physical_query_026,report_2011_2012,0.0,0.2899773651602119,1187.8734130859375,1586.7545166015625
physical_query_027,report_2011_2012,0.1100458831490401,0.699473903081392,954.7147827148438,239.99159240722656
physical_query_028,report_2011_2012,0.0,0.4697557950008693,1438.908935546875,581.100341796875
physical_query_029,report_2011_2012,0.0,0.1388624438735545,2860.615478515625,1160.396728515625
physical_query_030,report_2011_2012,0.5199967979955746,0.158507039740981,630.906982421875,696.5953369140625
physical_query_031,report_2011_2012,0.0,0.1100458831490401,1468.89111328125,1149.9842529296875
physical_query_032,report_2011_2012,0.2999050316974944,0.3963918729015093,1591.175048828125,396.0057373046875
physical_query_033,report_2011_2012,0.4537425745411855,0.7600791051976192,417.99127197265625,654.844482421875
physical_query_034,report_2011_2012,0.2336508082431053,0.2399208948023808,542.6107788085938,791.8992309570312
physical_query_035,report_2011_2012,0.0783982689786753,0.0947883643695507,891.8515625,565.303466796875
physical_query_036,report_2011_2012,0.0,0.2211934130148126,695.13720703125,536.2849731445312
physical_query_037,report_2011_2012,0.066254223454389,0.0783982689786753,1126.1387939453125,996.783203125
physical_query_038,report_2011_2012,0.0,0.3151625504769837,1763.559326171875,1858.957763671875
physical_query_039,report_2011_2012,0.0,0.0,976.2858276367188,2323.474853515625
physical_query_040,report_2011_2012,0.0,0.0,1158.15185546875,3383.052001953125
physical_query_041,report_2011_2012,0.0,0.0,975.4573974609376,2010.0703125
physical_query_042,report_2011_2012,0.0,0.0,1087.5941162109375,3494.13623046875
physical_query_043,report_2011_2012,0.0,0.2122263659729146,4006.909423828125,1626.150146484375
physical_query_044,report_2011_2012,0.0,0.1794771050858173,454.0089416503906,887.6522216796875
physical_query_045,report_2011_2012,0.3686580539482399,0.7849818707050383,3117.996337890625,479.2352294921875
physical_query_046,report_2011_2012,0.0694312219367772,0.3398414932237255,1113.51513671875,712.5950927734375
physical_query_047,report_2011_2012,0.0,0.2583297509898471,1175.8306884765625,654.2706909179688
physical_query_048,report_2013_2014,0.0694312219367772,0.07336392209936,4054.82666015625,1217.4571533203125
physical_query_049,report_2013_2014,0.164219586306328,0.841492960259019,3118.323974609375,481.7708129882813
physical_query_050,report_2013_2014,0.0,0.0,2147.1318359375,1048.9398193359375
physical_query_051,report_2013_2014,0.0636207881989517,0.0,736.510986328125,1480.2568359375
physical_query_052,report_2013_2014,0.0,0.2200917662980802,4308.8701171875,209.78851318359372
physical_query_053,report_2013_2014,0.2685529228900211,0.2457313285402064,810.7257690429688,383.6534118652344
physical_query_054,report_2013_2014,0.2835149363066189,0.510069131458292,2351.512939453125,567.5128173828125
physical_query_055,report_2013_2014,0.0694312219367772,0.0636207881989517,389.6412658691406,389.6412658691406
physical_query_056,report_2013_2014,0.0,0.5541432109622959,373.3404541015625,307.2919921875
physical_query_057,report_2013_2014,0.0,0.2122263659729146,3287.3828125,741.267333984375
physical_query_058,report_2013_2014,0.0,0.3052348839397012,843.3460693359375,402.6260681152344
physical_query_059,report_2013_2014,0.0636207881989517,0.0,665.0370483398438,1519.031982421875
physical_query_060,report_2013_2014,0.0,0.8006937664098821,4194.91015625,910.0956420898438
physical_query_061,report_2013_2014,0.066254223454389,0.0,1039.566650390625,1079.447265625
physical_query_062,report_2013_2014,0.0783982689786753,0.066254223454389,1820.6903076171875,5494.00537109375
physical_query_063,report_2013_2014,0.0694312219367772,0.3301376494471203,1967.7003173828125,708.9369506835938
physical_query_064,report_2013_2014,0.2837125544970319,0.2742654694553681,643.7830810546875,1271.0230712890625
physical_query_065,report_2013_2014,0.1951890007906611,0.3436966913921455,895.4424438476562,1483.395263671875
physical_query_066,report_2013_2014,0.1736666713479918,0.0,456.515380859375,1638.0809326171875
physical_query_067,report_2013_2014,0.1794771050858173,0.5810820381115674,1073.988037109375,637.9415893554688
physical_query_068,report_2013_2014,0.066254223454389,0.2200917662980802,2395.8984375,365.25970458984375
physical_query_069,report_2013_2014,0.0,0.0,710.3528442382812,2053.09228515625
physical_query_070,report_2013_2014,0.07336392209936,0.0,2971.85205078125,1840.300048828125
physical_query_071,report_2013_2014,0.07336392209936,0.0,898.4329223632812,1732.717041015625
physical_query_072,report_2013_2014,0.2895229882348575,0.0,582.1299438476562,1584.223388671875
physical_query_073,report_2013_2014,0.0694312219367772,0.0,4175.08154296875,2565.219482421875
physical_query_074,report_2013_2014,0.2618080742270754,0.2122263659729146,993.8196411132812,944.6278686523438
physical_query_075,report_2013_2014,0.1610425878239398,0.0,2984.433837890625,2045.02783203125
physical_query_076,report_2013_2014,0.0,0.0,1210.8634033203125,1461.8138427734375
physical_query_077,report_2013_2014,0.0783982689786753,0.0,1083.6634521484375,1896.1068115234373
physical_query_078,report_2013_2014,0.4615890699208637,0.6267310462031456,2014.7640380859373,310.0187072753906
physical_query_079,report_2013_2014,0.0,0.0,2482.5830078125,5957.18408203125
physical_query_080,report_2013_2014,0.1388624438735545,0.5801476231864474,551.67236328125,722.7750244140625
physical_query_081,report_2013_2014,0.1388624438735545,0.3570764765963919,926.182373046875,1095.1094970703125
physical_query_082,report_2013_2014,0.4793821367833118,0.5517854393872874,2877.922607421875,368.1050415039063
physical_query_083,report_2013_2014,0.085143117641621,0.066254223454389,846.6585083007812,3726.47314453125
physical_query_084,report_2013_2014,0.199306233590118,0.5022037311331264,2820.054931640625,2820.054931640625
physical_query_085,report_2013_2014,0.0,0.2808815010511816,1293.4180908203125,1293.4180908203125
physical_query_086,report_2013_2014,0.3277609729266243,0.2344065099232999,894.3285522460938,1167.2723388671875
physical_query_087,report_2013_2014,0.0,0.0,765.6505737304688,1046.998291015625
physical_query_088,report_2013_2014,0.0947883643695507,0.0947883643695507,1846.7154541015625,1920.6915283203125
physical_query_089,report_2013_2014,0.0,0.1388624438735545,1224.823974609375,975.4734497070312
physical_query_090,report_2013_2014,0.38113435412202,0.0,427.7188720703125,1103.4786376953125
physical_query_091,report_2013_2014,0.0,0.0,4960.06201171875,3462.636962890625
physical_query_092,report_2013_2014,0.0,0.085143117641621,1541.0015869140625,1802.7923583984373
physical_query_093,report_2013_2014,0.0,0.1388624438735545,3725.77099609375,1726.484375
physical_query_094,report_2013_2014,0.0694312219367772,0.1388624438735545,2701.221923828125,4235.25146484375
physical_query_095,report_2013_2014,0.0,0.0,1708.350830078125,1218.61767578125
physical_query_096,report_2013_2014,0.2735872697693364,0.1356854453911663,2900.642578125,1462.837646484375
physical_query_097,report_2013_2014,0.1388624438735545,0.2200917662980802,1828.7784423828125,833.2323608398438
physical_query_098,report_2013_2014,0.066254223454389,0.1388624438735545,1236.0162353515625,1146.3963623046875
physical_query_099,report_2013_2014,0.2618080742270754,0.4627096215830836,839.5582275390625,254.4784240722656
physical_query_100,report_2013_2014,0.1681522864689108,0.0,1173.1123046875,1708.84375
physical_query_101,report_2015_2016,0.0947883643695507,0.3714891073940902,1213.55224609375,293.6817932128906
physical_query_102,report_2015_2016,0.07336392209936,0.3885264725763437,2215.011962890625,658.919189453125
physical_query_103,report_2015_2016,0.1446524924330643,0.3031595321740454,3044.426513671875,1059.7423095703125
physical_query_104,report_2015_2016,0.0,0.158507039740981,2290.392333984375,2418.6650390625
physical_query_105,report_2015_2016,0.3589542101716347,0.4631896595828493,547.5517578125,547.5517578125
physical_query_106,report_2015_2016,0.07336392209936,0.6064391805443411,1063.421142578125,246.39251708984372
physical_query_107,report_2015_2016,0.0694312219367772,0.0783982689786753,3228.572509765625,1265.2149658203125
physical_query_108,report_2015_2016,0.0,0.2816372027313761,2405.36865234375,1639.9608154296875
physical_query_109,report_2015_2016,0.0694312219367772,0.2816575879096919,312.5169372558594,312.5169372558594
physical_query_110,report_2015_2016,0.0,0.2200917662980802,941.2691650390624,670.5308227539062
physical_query_111,report_2015_2016,0.0,0.1100458831490401,909.7833862304688,902.2714233398438
physical_query_112,report_2015_2016,0.1427951440361373,0.0783982689786753,1044.794677734375,1319.2935791015625
physical_query_113,report_2015_2016,0.0,0.0,2002.0460205078125,2159.958251953125
physical_query_114,report_2015_2016,0.1356854453911663,0.4373524791503101,1247.2559814453125,405.5102233886719
physical_query_115,report_2015_2016,0.0,0.2122263659729146,2146.401123046875,986.428466796875
physical_query_116,report_2015_2016,0.0783982689786753,0.0,934.4243774414062,1175.7354736328125
physical_query_117,report_2015_2016,0.0783982689786753,0.6149518506608848,1171.9520263671875,851.6961059570312
physical_query_118,report_2015_2016,0.0,0.066254223454389,3010.14892578125,3010.14892578125
physical_query_119,report_2015_2016,0.1100458831490401,0.4911802372710601,2550.3056640625,456.67181396484375
physical_query_120,report_2015_2016,0.0,0.085143117641621,841.5441284179688,2277.204833984375
physical_query_121,report_2015_2016,0.0,0.1388624438735545,1561.4407958984375,2370.451171875
physical_query_122,report_2015_2016,0.1100458831490401,0.0,494.4885864257813,5687.25537109375
physical_query_123,report_2015_2016,0.0,0.0,4344.10986328125,3319.215087890625
physical_query_124,report_2015_2016,0.0,0.2240055615151755,1123.7740478515625,1270.4288330078125
physical_query_125,report_2015_2016,0.0,0.2304738097607171,1245.8114013671875,1137.870361328125
physical_query_126,report_2015_2016,0.0,0.3589542101716347,2720.11474609375,652.9802856445312
physical_query_127,report_2015_2016,0.066254223454389,0.3589542101716347,1059.810302734375,383.3488464355469
physical_query_128,report_2015_2016,0.0,0.142019057177627,1703.7982177734375,991.80224609375
physical_query_129,report_2015_2016,0.4085359184257956,0.3531437764338092,513.0029907226562,442.6182556152344
physical_query_130,report_2015_2016,0.0,0.38113435412202,2907.618408203125,710.2597045898438
physical_query_131,report_2015_2016,0.0,0.2895229882348575,1769.2230224609375,154.378173828125
physical_query_132,report_2015_2016,0.1584091525685025,0.4225749983705865,3445.9130859375,186.0090484619141
physical_query_133,report_2015_2016,0.0,0.164219586306328,1685.284912109375,1433.2952880859375
physical_query_134,report_2015_2016,0.0,0.1388624438735545,2352.576171875,1389.92041015625
physical_query_135,report_2015_2016,0.0,0.1610425878239398,2669.917236328125,1741.136474609375
physical_query_136,report_2015_2016,0.15139734109601,0.0694312219367772,2486.36767578125,2064.29296875
physical_query_137,report_2015_2016,0.0,0.2211934130148126,1536.212646484375,1380.89404296875
physical_query_138,report_2015_2016,0.066254223454389,0.1100458831490401,1955.8660888671875,1493.2152099609375
physical_query_139,report_2015_2016,0.0,0.1487639058405727,1826.5279541015625,1031.5394287109375
physical_query_140,report_2015_2016,0.07336392209936,0.0,2053.678466796875,1310.31005859375
physical_query_141,report_2015_2016,0.0,0.07336392209936,1552.4976806640625,1552.4976806640625
physical_query_142,report_2015_2016,0.0,0.2837125544970319,1737.4268798828125,458.2115478515625
physical_query_143,report_2015_2016,0.1388624438735545,0.4690000933206749,740.0702514648438,349.02374267578125
physical_query_144,report_2015_2016,0.0947883643695507,0.1100458831490401,1586.6092529296875,950.9491577148438
physical_query_145,report_2015_2016,0.2048342475185909,0.1545743395783982,1065.9947509765625,4659.9375
physical_query_146,report_2015_2016,0.0,0.0,4405.89599609375,3865.4453125
physical_query_147,report_2015_2016,0.0,0.0,1356.2274169921875,1401.640869140625
physical_query_148,report_2015_2016,0.07336392209936,0.4249260138166711,985.8267211914062,509.8023071289063
physical_query_149,report_2015_2016,0.0694312219367772,0.0,2136.869873046875,1063.8846435546875
physical_query_150,report_2015_2016,0.0,0.066254223454389,1848.5185546875,1321.9920654296875
physical_query_151,report_2015_2016,0.0,0.2246633760228915,1619.74267578125,1456.6063232421875
physical_query_152,report_2015_2016,0.0,0.4815349905431303,1465.8250732421875,998.1362915039062
physical_query_153,report_2015_2016,0.0,0.3570764765963919,1054.97802734375,464.0025939941406
physical_query_154,report_2015_2016,0.0636207881989517,0.6804503724350792,1263.3426513671875,393.70751953125
